{
  "n_test": 58410,
  "n_positives": 4643,
  "positive_rate": 0.07948981338811847,
  "seed": 42,
  "bootstrap_B": 1000,
  "per_model_metrics": {
    "fusion (Sonya)": {
      "roc": 0.9522044610278503,
      "pr": 0.7283718879869715,
      "r_at_p90": 0.10768899418479431
    },
    "karina (mobile/ads)": {
      "roc": 0.9407216100360062,
      "pr": 0.6562435802853975,
      "r_at_p90": 0.06655179840620289
    },
    "diana (real estate)": {
      "roc": 0.9561224020262988,
      "pr": 0.7175403432222258,
      "r_at_p90": 0.009907387465001078
    }
  },
  "correlations": {
    "fusion": {
      "fusion": {
        "pearson": 0.9999999999999998,
        "spearman": 1.0
      },
      "karina": {
        "pearson": 0.857365128370188,
        "spearman": 0.7586449134926344
      },
      "diana": {
        "pearson": 0.9133340732219529,
        "spearman": 0.7474178718121124
      }
    },
    "karina": {
      "fusion": {
        "pearson": 0.857365128370188,
        "spearman": 0.7586449134926343
      },
      "karina": {
        "pearson": 0.9999999999999998,
        "spearman": 1.0
      },
      "diana": {
        "pearson": 0.8392211018112139,
        "spearman": 0.6897267881744026
      }
    },
    "diana": {
      "fusion": {
        "pearson": 0.9133340732219529,
        "spearman": 0.7474178718121125
      },
      "karina": {
        "pearson": 0.8392211018112139,
        "spearman": 0.6897267881744026
      },
      "diana": {
        "pearson": 1.0,
        "spearman": 1.0
      }
    }
  },
  "topk_overlap": {
    "top_500": {
      "K": 500,
      "fusion_caught": 452,
      "karina_caught": 421,
      "diana_caught": 420,
      "all_three": 181,
      "fusion_karina": 224,
      "fusion_diana": 250,
      "karina_diana": 253,
      "only_fusion": 159,
      "only_karina": 125,
      "only_diana": 98,
      "union": 747,
      "union_recall": 0.1608873573120827,
      "union_gain_over_fusion_pct": 65.26548672566372
    },
    "top_1000": {
      "K": 1000,
      "fusion_caught": 871,
      "karina_caught": 816,
      "diana_caught": 820,
      "all_three": 371,
      "fusion_karina": 457,
      "fusion_diana": 529,
      "karina_diana": 497,
      "only_fusion": 256,
      "only_karina": 233,
      "only_diana": 165,
      "union": 1395,
      "union_recall": 0.30045229377557614,
      "union_gain_over_fusion_pct": 60.16073478760047
    },
    "top_2000": {
      "K": 2000,
      "fusion_caught": 1628,
      "karina_caught": 1508,
      "diana_caught": 1612,
      "all_three": 860,
      "fusion_karina": 1023,
      "fusion_diana": 1172,
      "karina_diana": 1072,
      "only_fusion": 293,
      "only_karina": 273,
      "only_diana": 228,
      "union": 2341,
      "union_recall": 0.5041998707732069,
      "union_gain_over_fusion_pct": 43.79606879606879
    },
    "top_4643": {
      "K": 4643,
      "fusion_caught": 3346,
      "karina_caught": 3038,
      "diana_caught": 3428,
      "all_three": 2643,
      "fusion_karina": 2721,
      "fusion_diana": 3133,
      "karina_diana": 2767,
      "only_fusion": 135,
      "only_karina": 193,
      "only_diana": 171,
      "union": 3834,
      "union_recall": 0.8257592074090028,
      "union_gain_over_fusion_pct": 14.584578601315012
    }
  },
  "blend_metrics": {
    "fusion_alone": {
      "roc": 0.9522044610278503,
      "pr": 0.7283718879869715,
      "r_at_p90": 0.10768899418479431
    },
    "karina_alone": {
      "roc": 0.9407216100360062,
      "pr": 0.6562435802853975,
      "r_at_p90": 0.06655179840620289
    },
    "diana_alone": {
      "roc": 0.9561224020262988,
      "pr": 0.7175403432222258,
      "r_at_p90": 0.009907387465001078
    },
    "pair_fusion_karina": {
      "roc": 0.9526376424955404,
      "pr": 0.7262017482739808,
      "r_at_p90": 0.062028860650441525
    },
    "pair_fusion_diana": {
      "roc": 0.9585733976855273,
      "pr": 0.7421179014337099,
      "r_at_p90": 0.11156579797544691
    },
    "pair_karina_diana": {
      "roc": 0.9592863257858317,
      "pr": 0.7309857723338633,
      "r_at_p90": 0.06719793237131165
    },
    "blend_07f_03k": {
      "roc": 0.9534901314624509,
      "pr": 0.734361510466,
      "r_at_p90": 0.07279776006892096
    },
    "uniform_3way": {
      "roc": 0.9581976669052326,
      "pr": 0.7411158781914878,
      "r_at_p90": 0.0777514538014215
    },
    "w_05f_025k_025d": {
      "roc": 0.9570878395573669,
      "pr": 0.7429186669775615,
      "r_at_p90": 0.0852896833943571
    },
    "w_04f_03k_03d": {
      "roc": 0.9577685552951911,
      "pr": 0.7420943040847229,
      "r_at_p90": 0.07904372173163902
    },
    "w_06f_02k_02d": {
      "roc": 0.956363464982426,
      "pr": 0.743065312267626,
      "r_at_p90": 0.0964893387895757
    },
    "rank_avg_3way": {
      "roc": 0.9589918960201365,
      "pr": 0.7406505416970989,
      "r_at_p90": 0.09153564505707516
    }
  },
  "bootstrap_deltas_vs_fusion": {
    "karina_alone": {
      "roc": {
        "mean": -0.011481365270441213,
        "lo": -0.013485036418494956,
        "hi": -0.009529136094957855,
        "significant": true
      },
      "pr": {
        "mean": -0.07207099583937832,
        "lo": -0.08255463686287774,
        "hi": -0.06203892961161147,
        "significant": true
      },
      "r_at_p90": {
        "mean": -0.04767983731268004,
        "lo": -0.10578309866737023,
        "hi": 0.018012315802906763,
        "significant": false
      }
    },
    "diana_alone": {
      "roc": {
        "mean": 0.003960869462555337,
        "lo": 0.001362099102426967,
        "hi": 0.006624631842196522,
        "significant": true
      },
      "pr": {
        "mean": -0.010820729187172425,
        "lo": -0.02004195145896782,
        "hi": -0.001961906455582577,
        "significant": true
      },
      "r_at_p90": {
        "mean": -0.09122780578094496,
        "lo": -0.1543549157626616,
        "hi": -0.020400807070174637,
        "significant": true
      }
    },
    "pair_fusion_karina": {
      "roc": {
        "mean": 0.00042015900018014775,
        "lo": -0.0004159760905993709,
        "hi": 0.0013262323638604909,
        "significant": false
      },
      "pr": {
        "mean": -0.0020600048637924914,
        "lo": -0.008577428601643003,
        "hi": 0.005092652616309678,
        "significant": false
      },
      "r_at_p90": {
        "mean": -0.037211797794912925,
        "lo": -0.08559525910867105,
        "hi": 0.023025150353489482,
        "significant": false
      }
    },
    "pair_fusion_diana": {
      "roc": {
        "mean": 0.006363997187858789,
        "lo": 0.005390071205809127,
        "hi": 0.007413044468014796,
        "significant": true
      },
      "pr": {
        "mean": 0.013811059839934109,
        "lo": 0.00845839772696629,
        "hi": 0.018631113197066455,
        "significant": true
      },
      "r_at_p90": {
        "mean": -0.011025751659177616,
        "lo": -0.06574628211340547,
        "hi": 0.03358522917948429,
        "significant": false
      }
    },
    "pair_karina_diana": {
      "roc": {
        "mean": 0.007106536298908662,
        "lo": 0.005300933522778067,
        "hi": 0.008923751689846729,
        "significant": true
      },
      "pr": {
        "mean": 0.0025019447354825367,
        "lo": -0.004993914217757278,
        "hi": 0.010491471380485897,
        "significant": false
      },
      "r_at_p90": {
        "mean": -0.03577011598214945,
        "lo": -0.0903806587706069,
        "hi": 0.03046592927781995,
        "significant": false
      }
    },
    "blend_07f_03k": {
      "roc": {
        "mean": 0.0012913427662970699,
        "lo": 0.0007598773833316197,
        "hi": 0.0018245305526794014,
        "significant": true
      },
      "pr": {
        "mean": 0.0059740155807694265,
        "lo": 0.0005686105572352579,
        "hi": 0.011152794017883112,
        "significant": true
      },
      "r_at_p90": {
        "mean": -0.027406724784267332,
        "lo": -0.07498052996942484,