{
  "n_test": 58410,
  "n_positives": 4643,
  "positive_rate": 0.07948981338811847,
  "seed": 42,
  "bootstrap_B": 1000,
  "per_model_metrics": {
    "fusion (Sonya, fintech)": {
      "roc": 0.9522044610278503,
      "pr": 0.7283718879869715,
      "r_at_p90": 0.10768899418479431
    },
    "karina (mobile/ads)": {
      "roc": 0.9407216100360062,
      "pr": 0.6562435802853975,
      "r_at_p90": 0.06655179840620289
    },
    "diana (real estate)": {
      "roc": 0.9483987195154293,
      "pr": 0.737546632759157,
      "r_at_p90": 0.11544260176609951
    },
    "albina": {
      "roc": 0.9545313200201533,
      "pr": 0.7084354634784918,
      "r_at_p90": 0.027568382511307346
    }
  },
  "correlations": {
    "fusion": {
      "fusion": {
        "pearson": 0.9999999999999998,
        "spearman": 1.0
      },
      "karina": {
        "pearson": 0.857365128370188,
        "spearman": 0.7586449134926344
      },
      "diana": {
        "pearson": 0.908552295071293,
        "spearman": 0.7913055653979885
      },
      "albina": {
        "pearson": 0.925636275602757,
        "spearman": 0.759148211106385
      }
    },
    "karina": {
      "fusion": {
        "pearson": 0.857365128370188,
        "spearman": 0.7586449134926343
      },
      "karina": {
        "pearson": 0.9999999999999998,
        "spearman": 1.0
      },
      "diana": {
        "pearson": 0.8813848723594429,
        "spearman": 0.8290437292866505
      },
      "albina": {
        "pearson": 0.8462546247633077,
        "spearman": 0.7100766392177401
      }
    },
    "diana": {
      "fusion": {
        "pearson": 0.908552295071293,
        "spearman": 0.7913055653979885
      },
      "karina": {
        "pearson": 0.8813848723594429,
        "spearman": 0.8290437292866505
      },
      "diana": {
        "pearson": 0.9999999999999999,
        "spearman": 1.0
      },
      "albina": {
        "pearson": 0.9107380914840121,
        "spearman": 0.7847145762536324
      }
    },
    "albina": {
      "fusion": {
        "pearson": 0.925636275602757,
        "spearman": 0.759148211106385
      },
      "karina": {
        "pearson": 0.8462546247633077,
        "spearman": 0.7100766392177401
      },
      "diana": {
        "pearson": 0.9107380914840121,
        "spearman": 0.7847145762536324
      },
      "albina": {
        "pearson": 0.9999999999999998,
        "spearman": 1.0
      }
    }
  },
  "topk_overlap": {
    "top_500": {
      "K": 500,
      "per_model_caught": {
        "fusion": 452,
        "karina": 421,
        "diana": 455,
        "albina": 435
      },
      "union": 920,
      "union_recall": 0.19814774930002155,
      "union_gain_over_fusion_pct": 103.53982300884957,
      "marginal_unique": {
        "fusion": 124,
        "karina": 94,
        "diana": 99,
        "albina": 133
      }
    },
    "top_1000": {
      "K": 1000,
      "per_model_caught": {
        "fusion": 871,
        "karina": 816,
        "diana": 873,
        "albina": 845
      },
      "union": 1574,
      "union_recall": 0.3390049536937325,
      "union_gain_over_fusion_pct": 80.71182548794489,
      "marginal_unique": {
        "fusion": 145,
        "karina": 194,
        "diana": 154,
        "albina": 130
      }
    },
    "top_2000": {
      "K": 2000,
      "per_model_caught": {
        "fusion": 1628,
        "karina": 1508,
        "diana": 1691,
        "albina": 1565
      },
      "union": 2456,
      "union_recall": 0.5289683394357096,
      "union_gain_over_fusion_pct": 50.85995085995086,
      "marginal_unique": {
        "fusion": 69,
        "karina": 274,
        "diana": 152,
        "albina": 125
      }
    },
    "top_4643": {
      "K": 4643,
      "per_model_caught": {
        "fusion": 3346,
        "karina": 3038,
        "diana": 3325,
        "albina": 3311
      },
      "union": 3888,
      "union_recall": 0.8373896187809606,
      "union_gain_over_fusion_pct": 16.198445905558877,
      "marginal_unique": {
        "fusion": 76,
        "karina": 141,
        "diana": 33,
        "albina": 83
      }
    }
  },
  "blend_metrics": {
    "fusion_alone": {
      "roc": 0.9522044610278503,
      "pr": 0.7283718879869715,
      "r_at_p90": 0.10768899418479431
    },
    "karina_alone": {
      "roc": 0.9407216100360062,
      "pr": 0.6562435802853975,
      "r_at_p90": 0.06655179840620289
    },
    "diana_alone": {
      "roc": 0.9483987195154293,
      "pr": 0.737546632759157,
      "r_at_p90": 0.11544260176609951
    },
    "albina_alone": {
      "roc": 0.9545313200201533,
      "pr": 0.7084354634784918,
      "r_at_p90": 0.027568382511307346
    },
    "blend_07f_03k": {
      "roc": 0.9534901314624509,
      "pr": 0.734361510466,
      "r_at_p90": 0.07279776006892096
    },
    "blend_06f_02k_02d": {
      "roc": 0.9540834754482092,
      "pr": 0.7431197379969607,
      "r_at_p90": 0.08787421925479216
    },
    "uniform_3way_fkd": {
      "roc": 0.9535927351374577,
      "pr": 0.7387763133900676,
      "r_at_p90": 0.07172087012707301
    },
    "uniform_4way": {
      "roc": 0.9573657375292481,
      "pr": 0.7455605374855917,
      "r_at_p90": 0.11522722377772991
    },
    "fusion_heavy_4way": {
      "roc": 0.9568869203792157,
      "pr": 0.7466703785849564,
      "r_at_p90": 0.12039629549860004
    },
    "fusion_diana_heavy_4way": {
      "roc": 0.9570543533614887,
      "pr": 0.74944562251645,
      "r_at_p90": 0.11759638164979538
    },
    "rank_avg_4way": {
      "roc": 0.9563849038388577,
      "pr": 0.7452914568976055,
      "r_at_p90": 0.1365496446263192
    },
    "pair_fusion_albina": {
      "roc": 0.9573721387423606,
      "pr": 0.7354460451420907,
      "r_at_p90": 0.12061167348696963
    },
    "triple_fkd": {
      "roc": 0.9535927351374577,
      "pr": 0.7387763133900676,
      "r_at_p90": 0.07172087012707301
    },
    "triple_fka": {
      "roc": 0.9573365915801832,
      "pr": 0.7378768894353027,
      "r_at_p90": 0.11242730992892526
    },
    "triple_fda": {
      "roc": 0.9579857919587071,
      "pr": 0.7546261607524557,
      "r_at_p90": 0.19190178763730348
    },
    "triple_kda": {
      "roc": 0.9573143315418442,
      "pr": 0.7402189483772029,
      "r_at_p90": 0.11156579797544691
    }
  },
  "bootstrap_deltas_vs_fusion": {
    "karina_alone": {
      "roc": {
        "mean": -0.011481365270441213,
        "lo": -0.013485036418494956,
        "hi": -0.009529136094957855,
        "significant": true
      },
      "pr": {
        "mean": -0.07207099583937832,
        "lo": -0.08255463686287774,
        "hi": -0.06203892961161147,
        "significant": true
      },
      "r_at_p90": {
        "mean": -0.04767983731268004,
        "lo": -0.10578309866737023,
        "hi": 0.018012315802906763,
        "significant": false
      }
    },
    "diana_alone": {
      "roc": {
        "mean": -0.003808105638292693,
        "lo": -0.005637930665776258,
        "hi": -0.002115992375563619,
        "significant": true
      },
      "pr": {
        "mean": 0.009089482622967777,
        "lo": 0.0010114861744554365,
        "hi": 0.01717420326950314,
        "significant": true
      },
      "r_at_p90": {
        "mean": 0.016519511025756904,
        "lo": -0.06373050736500271,
        "hi": 0.09225230732164959,
        "significant": false
      }
    },
    "albina_alone": {
      "roc": {
        "mean": 0.002346210213609499,
        "lo": 0.0002699373525741483,
        "hi": 0.0043926429174064585,
        "significant": true
      },
      "pr": {
        "mean": -0.019994459688330694,
        "lo": -0.028662682538165514,
        "hi": -0.011660702295639506,
        "significant": true
      },
      "r_at_p90": {
        "mean": -0.07949730532609263,
        "lo": -0.14603277630648825,
        "hi": -0.0023130645413094843,
        "significant": true
      }
    },
    "blend_07f_03k": {
      "roc": {
        "mean": 0.001286863898791282,
        "lo": 0.000789970121188674,
        "hi": 0.0017998293017418062,