{
  "n_test": 58410,
  "n_positives": 4643,
  "positive_rate": 0.07948981338811847,
  "seed": 42,
  "bootstrap_B": 1000,
  "per_model_metrics": {
    "fusion (Sonya)": {
      "roc": 0.9522044610278503,
      "pr": 0.7283718879869715,
      "r_at_p90": 0.10768899418479431
    },
    "e5 (Sonya)": {
      "roc": 0.9507978745617077,
      "pr": 0.7188575090524375,
      "r_at_p90": 0.09498169287098858
    },
    "e7 (Sonya)": {
      "roc": 0.9521428683790292,
      "pr": 0.7223890959722253,
      "r_at_p90": 0.09153564505707516
    },
    "e0 (Sonya)": {
      "roc": 0.9049868879080809,
      "pr": 0.5301271198013654,
      "r_at_p90": 0.002153779883695886
    },
    "karina": {
      "roc": 0.9407216100360062,
      "pr": 0.6562435802853975,
      "r_at_p90": 0.06655179840620289
    }
  },
  "correlations": {
    "fusion": {
      "fusion": {
        "pearson": 0.9999999999999998,
        "spearman": 1.0
      },
      "e5": {
        "pearson": 0.9816215454068834,
        "spearman": 0.914700941002641
      },
      "e7": {
        "pearson": 0.9753790518842707,
        "spearman": 0.905308913020677
      },
      "e0": {
        "pearson": 0.8347807120791879,
        "spearman": 0.6103173384265864
      },
      "karina": {
        "pearson": 0.857365128370188,
        "spearman": 0.7586449134926344
      }
    },
    "e5": {
      "fusion": {
        "pearson": 0.9816215454068834,
        "spearman": 0.914700941002641
      },
      "e5": {
        "pearson": 0.9999999999999999,
        "spearman": 0.9999999999999998
      },
      "e7": {
        "pearson": 0.9633567133706723,
        "spearman": 0.8489883163746832
      },
      "e0": {
        "pearson": 0.8328715705886792,
        "spearman": 0.6301405414597744
      },
      "karina": {
        "pearson": 0.8544421058559544,
        "spearman": 0.740400936748986
      }
    },
    "e7": {
      "fusion": {
        "pearson": 0.9753790518842707,
        "spearman": 0.905308913020677
      },
      "e5": {
        "pearson": 0.9633567133706723,
        "spearman": 0.8489883163746832
      },
      "e7": {
        "pearson": 0.9999999999999998,
        "spearman": 1.0
      },
      "e0": {
        "pearson": 0.8240512778915332,
        "spearman": 0.626589178141172
      },
      "karina": {
        "pearson": 0.8437828518360198,
        "spearman": 0.7254751714479197
      }
    },
    "e0": {
      "fusion": {
        "pearson": 0.8347807120791879,
        "spearman": 0.6103173384265864
      },
      "e5": {
        "pearson": 0.8328715705886792,
        "spearman": 0.6301405414597744
      },
      "e7": {
        "pearson": 0.8240512778915332,
        "spearman": 0.626589178141172
      },
      "e0": {
        "pearson": 1.0,
        "spearman": 1.0
      },
      "karina": {
        "pearson": 0.8726056747111064,
        "spearman": 0.682048036694387
      }
    },
    "karina": {
      "fusion": {
        "pearson": 0.857365128370188,
        "spearman": 0.7586449134926343
      },
      "e5": {
        "pearson": 0.8544421058559544,
        "spearman": 0.740400936748986
      },
      "e7": {
        "pearson": 0.8437828518360198,
        "spearman": 0.7254751714479198
      },
      "e0": {
        "pearson": 0.8726056747111064,
        "spearman": 0.682048036694387
      },
      "karina": {
        "pearson": 0.9999999999999998,
        "spearman": 1.0
      }
    }
  },
  "topk_overlap": {
    "top_500": {
      "K": 500,
      "sonya_caught": 452,
      "karina_caught": 421,
      "both": 224,
      "only_sonya": 228,
      "only_karina": 197,
      "union": 649,
      "union_recall": 0.139780314451863,
      "sonya_precision": 0.904,
      "karina_precision": 0.842,
      "union_gain_pct": 43.58407079646018
    },
    "top_1000": {
      "K": 1000,
      "sonya_caught": 871,
      "karina_caught": 816,
      "both": 457,
      "only_sonya": 414,
      "only_karina": 359,
      "union": 1230,
      "union_recall": 0.264914925694594,
      "sonya_precision": 0.871,
      "karina_precision": 0.816,
      "union_gain_pct": 41.21699196326063
    },
    "top_2000": {
      "K": 2000,
      "sonya_caught": 1628,
      "karina_caught": 1508,
      "both": 1023,
      "only_sonya": 605,
      "only_karina": 485,
      "union": 2113,
      "union_recall": 0.4550936894249408,
      "sonya_precision": 0.814,
      "karina_precision": 0.754,
      "union_gain_pct": 29.791154791154796
    },
    "top_4643": {
      "K": 4643,
      "sonya_caught": 3346,
      "karina_caught": 3038,
      "both": 2721,
      "only_sonya": 625,
      "only_karina": 317,
      "union": 3663,
      "union_recall": 0.7889295713978032,
      "sonya_precision": 0.7206547490846436,
      "karina_precision": 0.6543183286668103,
      "union_gain_pct": 9.473998804542738
    }
  },
  "blend_metrics": {
    "fusion_alone": {
      "roc": 0.9522044610278503,
      "pr": 0.7283718879869715,
      "r_at_p90": 0.10768899418479431
    },
    "blend_07f_03k": {
      "roc": 0.9534901314624509,
      "pr": 0.734361510466,
      "r_at_p90": 0.07279776006892096
    },
    "blend_06f_04k": {
      "roc": 0.9532418861689577,
      "pr": 0.7313224162298542,
      "r_at_p90": 0.062028860650441525
    },
    "blend_05f_05k": {
      "roc": 0.9526376424955404,
      "pr": 0.7262017482739808,
      "r_at_p90": 0.062028860650441525
    },
    "rank_avg": {
      "roc": 0.9528449588810385,
      "pr": 0.7294464344447675,
      "r_at_p90": 0.08356665948740039
    }
  },
  "bootstrap_deltas_vs_fusion": {
    "blend_07f_03k": {
      "roc": {
        "mean": 0.0012851180136242081,
        "lo": 0.0007308089402913277,
        "hi": 0.0018329150831591728,
        "significant": true
      },
      "pr": {
        "mean": 0.005960081859519008,
        "lo": 0.0006575148382603232,
        "hi": 0.011734513871491669,
        "significant": true
      },
      "r_at_p90": {
        "mean": -0.027105761939966562,
        "lo": -0.07096732089113679,
        "hi": 0.029830787344933357,
        "significant": false
      }
    },
    "blend_06f_04k": {
      "roc": {
        "mean": 0.0010334546502899218,
        "lo": 0.00037228865650542063,
        "hi": 0.00171076311368345,
        "significant": true
      },
      "pr": {
        "mean": 0.0028520640173514142,
        "lo": -0.0031059013579336466,
        "hi": 0.008798657293025397,
        "significant": false
      },
      "r_at_p90": {
        "mean": -0.03344239080432099,
        "lo": -0.08128787974117058,
        "hi": 0.02329418662637969,
        "significant": false
      }
    },
    "blend_05f_05k": {
      "roc": {
        "mean": 0.00042015900018014775,
        "lo": -0.0004159760905993709,
        "hi": 0.0013262323638604909,
        "significant": false
      },
      "pr": {
        "mean": -0.0020600048637924914,
        "lo": -0.008577428601643003,
        "hi": 0.005092652616309678,
        "significant": false
      },
      "r_at_p90": {
        "mean": -0.037211797794912925,
        "lo": -0.08559525910867105,
        "hi": 0.023025150353489482,
        "significant": false
      }
    },
    "rank_avg": {
      "roc": {
        "mean": 0.0006273926359153924,
        "lo": -0.0003419955174963879,
        "hi": 0.0016462291657946908,
        "significant": false
      },
      "pr": {
        "mean": 0.001087082755160008,
        "lo": -0.004506294674805963,
        "hi": 0.00616202026652839,
        "significant": false
      },
      "r_at_p90": {
        "mean": -0.021407505249082814,
        "lo": -0.06388183362895997,
        "hi": 0.03621419281052817,
        "significant": false
      }
    }
  }
}