{
  "n_test": 58410,
  "n_positives": 4643,
  "positive_rate": 0.07948981338811847,
  "seed": 42,
  "bootstrap_B": 1000,
  "per_model_metrics": {
    "fusion (Sonya, fintech)": {
      "roc": 0.9522044610278503,
      "pr": 0.7283718879869715,
      "r_at_p90": 0.10768899418479431
    },
    "karina (mobile/ads)": {
      "roc": 0.9407216100360062,
      "pr": 0.6562435802853975,
      "r_at_p90": 0.06655179840620289
    },
    "diana (real estate)": {
      "roc": 0.9561224020262988,
      "pr": 0.7175403432222258,
      "r_at_p90": 0.009907387465001078
    },
    "albina": {
      "roc": 0.9545313200201533,
      "pr": 0.7084354634784918,
      "r_at_p90": 0.027568382511307346
    }
  },
  "correlations": {
    "fusion": {
      "fusion": {
        "pearson": 0.9999999999999998,
        "spearman": 1.0
      },
      "karina": {
        "pearson": 0.857365128370188,
        "spearman": 0.7586449134926344
      },
      "diana": {
        "pearson": 0.9133340732219529,
        "spearman": 0.7474178718121124
      },
      "albina": {
        "pearson": 0.925636275602757,
        "spearman": 0.759148211106385
      }
    },
    "karina": {
      "fusion": {
        "pearson": 0.857365128370188,
        "spearman": 0.7586449134926343
      },
      "karina": {
        "pearson": 0.9999999999999998,
        "spearman": 1.0
      },
      "diana": {
        "pearson": 0.8392211018112139,
        "spearman": 0.6897267881744026
      },
      "albina": {
        "pearson": 0.8462546247633077,
        "spearman": 0.7100766392177401
      }
    },
    "diana": {
      "fusion": {
        "pearson": 0.9133340732219529,
        "spearman": 0.7474178718121125
      },
      "karina": {
        "pearson": 0.8392211018112139,
        "spearman": 0.6897267881744026
      },
      "diana": {
        "pearson": 1.0,
        "spearman": 1.0
      },
      "albina": {
        "pearson": 0.9202780263763976,
        "spearman": 0.7270278230105006
      }
    },
    "albina": {
      "fusion": {
        "pearson": 0.925636275602757,
        "spearman": 0.759148211106385
      },
      "karina": {
        "pearson": 0.8462546247633077,
        "spearman": 0.7100766392177401
      },
      "diana": {
        "pearson": 0.9202780263763976,
        "spearman": 0.7270278230105005
      },
      "albina": {
        "pearson": 0.9999999999999998,
        "spearman": 1.0
      }
    }
  },
  "topk_overlap": {
    "top_500": {
      "K": 500,
      "per_model_caught": {
        "fusion": 452,
        "karina": 421,
        "diana": 420,
        "albina": 435
      },
      "union": 887,
      "union_recall": 0.19104027568382512,
      "union_gain_over_fusion_pct": 96.23893805309736,
      "marginal_unique": {
        "fusion": 120,
        "karina": 96,
        "diana": 66,
        "albina": 140
      }
    },
    "top_1000": {
      "K": 1000,
      "per_model_caught": {
        "fusion": 871,
        "karina": 816,
        "diana": 820,
        "albina": 845
      },
      "union": 1527,
      "union_recall": 0.32888218824036186,
      "union_gain_over_fusion_pct": 75.31572904707234,
      "marginal_unique": {
        "fusion": 164,
        "karina": 186,
        "diana": 107,
        "albina": 132
      }
    },
    "top_2000": {
      "K": 2000,
      "per_model_caught": {
        "fusion": 1628,
        "karina": 1508,
        "diana": 1612,
        "albina": 1565
      },
      "union": 2463,
      "union_recall": 0.5304759853542967,
      "union_gain_over_fusion_pct": 51.28992628992628,
      "marginal_unique": {
        "fusion": 141,
        "karina": 223,
        "diana": 159,
        "albina": 122
      }
    },
    "top_4643": {
      "K": 4643,
      "per_model_caught": {
        "fusion": 3346,
        "karina": 3038,
        "diana": 3428,
        "albina": 3311
      },
      "union": 3918,
      "union_recall": 0.8438509584320483,
      "union_gain_over_fusion_pct": 17.095038852361032,
      "marginal_unique": {
        "fusion": 51,
        "karina": 149,
        "diana": 63,
        "albina": 84
      }
    }
  },
  "blend_metrics": {
    "fusion_alone": {
      "roc": 0.9522044610278503,
      "pr": 0.7283718879869715,
      "r_at_p90": 0.10768899418479431
    },
    "karina_alone": {
      "roc": 0.9407216100360062,
      "pr": 0.6562435802853975,
      "r_at_p90": 0.06655179840620289
    },
    "diana_alone": {
      "roc": 0.9561224020262988,
      "pr": 0.7175403432222258,
      "r_at_p90": 0.009907387465001078
    },
    "albina_alone": {
      "roc": 0.9545313200201533,
      "pr": 0.7084354634784918,
      "r_at_p90": 0.027568382511307346
    },
    "blend_07f_03k": {
      "roc": 0.9534901314624509,
      "pr": 0.734361510466,
      "r_at_p90": 0.07279776006892096
    },
    "blend_06f_02k_02d": {
      "roc": 0.956363464982426,
      "pr": 0.743065312267626,
      "r_at_p90": 0.0964893387895757
    },
    "uniform_3way_fkd": {
      "roc": 0.9581976669052326,
      "pr": 0.7411158781914878,
      "r_at_p90": 0.0777514538014215
    },
    "uniform_4way": {
      "roc": 0.9599428066429738,
      "pr": 0.7440398512783147,
      "r_at_p90": 0.11070428602196855
    },
    "fusion_heavy_4way": {
      "roc": 0.9588627841925814,
      "pr": 0.7447154355606385,
      "r_at_p90": 0.12061167348696963
    },
    "fusion_diana_heavy_4way": {
      "roc": 0.9598564423409068,
      "pr": 0.745860470576097,
      "r_at_p90": 0.10165841051044583
    },
    "rank_avg_4way": {
      "roc": 0.9604096305313927,
      "pr": 0.7420171239984504,
      "r_at_p90": 0.12276545337066552
    },
    "pair_fusion_albina": {
      "roc": 0.9573721387423606,
      "pr": 0.7354460451420907,
      "r_at_p90": 0.12061167348696963
    },
    "triple_fkd": {
      "roc": 0.9581976669052326,
      "pr": 0.7411158781914878,
      "r_at_p90": 0.0777514538014215
    },
    "triple_fka": {
      "roc": 0.9573365915801832,
      "pr": 0.7378768894353027,
      "r_at_p90": 0.11242730992892526
    },
    "triple_fda": {
      "roc": 0.9601798798567606,
      "pr": 0.7413732257549949,
      "r_at_p90": 0.10101227654533707
    },
    "triple_kda": {
      "roc": 0.9609531207638405,
      "pr": 0.739345585664896,
      "r_at_p90": 0.0777514538014215
    }
  },
  "bootstrap_deltas_vs_fusion": {
    "karina_alone": {
      "roc": {
        "mean": -0.011481365270441213,
        "lo": -0.013485036418494956,
        "hi": -0.009529136094957855,
        "significant": true
      },
      "pr": {
        "mean": -0.07207099583937832,
        "lo": -0.08255463686287774,
        "hi": -0.06203892961161147,
        "significant": true
      },
      "r_at_p90": {
        "mean": -0.04767983731268004,
        "lo": -0.10578309866737023,
        "hi": 0.018012315802906763,
        "significant": false
      }
    },
    "diana_alone": {
      "roc": {
        "mean": 0.003960869462555337,
        "lo": 0.001362099102426967,
        "hi": 0.006624631842196522,
        "significant": true
      },
      "pr": {
        "mean": -0.010820729187172425,
        "lo": -0.02004195145896782,
        "hi": -0.001961906455582577,
        "significant": true
      },
      "r_at_p90": {
        "mean": -0.09122780578094496,
        "lo": -0.1543549157626616,
        "hi": -0.020400807070174637,
        "significant": true
      }
    },
    "albina_alone": {
      "roc": {
        "mean": 0.002346210213609499,
        "lo": 0.0002699373525741483,
        "hi": 0.0043926429174064585,
        "significant": true
      },
      "pr": {
        "mean": -0.019994459688330694,
        "lo": -0.028662682538165514,
        "hi": -0.011660702295639506,
        "significant": true
      },
      "r_at_p90": {
        "mean": -0.07949730532609263,
        "lo": -0.14603277630648825,
        "hi": -0.0023130645413094843,
        "significant": true
      }
    },
    "blend_07f_03k": {
      "roc": {
        "mean": 0.001286863898791282,
        "lo": 0.000789970121188674,
        "hi": 0.0017998293017418062,